<?xml version="1.0" encoding="UTF-8"?>
<project-private xmlns="http://www.netbeans.org/ns/project-private/1">
    <editor-bookmarks xmlns="http://www.netbeans.org/ns/editor-bookmarks/2" lastBookmarkId="1">
        <file>
            <url>src/irrgarten/controller/Controller.java</url>
            <bookmark id="1">
                <name/>
                <line>19</line>
                <key/>
            </bookmark>
        </file>
    </editor-bookmarks>
    <open-files xmlns="http://www.netbeans.org/ns/projectui-open-files/2">
        <group>
            <file>file:/home/flo/Desktop/PDOO_PRACTICAS/Irrgarten_trabajo/java_original/Irrgarten/src/irrgarten/controller/Controller.java</file>
            <file>file:/home/flo/Desktop/PDOO_PRACTICAS/Irrgarten_trabajo/java_original/Irrgarten/src/irrgarten/Labyrinth.java</file>
            <file>file:/home/flo/Desktop/PDOO_PRACTICAS/Irrgarten_trabajo/java_original/Irrgarten/src/irrgarten/UI/Cursors.java</file>
            <file>file:/home/flo/Desktop/PDOO_PRACTICAS/Irrgarten_trabajo/java_original/Irrgarten/src/irrgarten/Main/Main.java</file>
            <file>file:/home/flo/Desktop/PDOO_PRACTICAS/Irrgarten_trabajo/java_original/Irrgarten/src/irrgarten/UI/TextUI.java</file>
            <file>file:/home/flo/Desktop/PDOO_PRACTICAS/Irrgarten_trabajo/java_original/Irrgarten/src/irrgarten/Game.java</file>
            <file>file:/home/flo/Desktop/PDOO_PRACTICAS/Irrgarten_trabajo/java_original/Irrgarten/src/irrgarten/UI/UI.java</file>
            <file>file:/home/flo/Desktop/PDOO_PRACTICAS/Irrgarten_trabajo/java_original/Irrgarten/src/irrgarten/Monster.java</file>
            <file>file:/home/flo/Desktop/PDOO_PRACTICAS/Irrgarten_trabajo/java_original/Irrgarten/src/irrgarten/Dice.java</file>
            <file>file:/home/flo/Desktop/PDOO_PRACTICAS/Irrgarten_trabajo/java_original/Irrgarten/src/irrgarten/Player.java</file>
            <file>file:/home/flo/Desktop/PDOO_PRACTICAS/Irrgarten_trabajo/java_original/Irrgarten/src/irrgarten/UI/GameUI.java</file>
            <file>file:/home/flo/Desktop/PDOO_PRACTICAS/Irrgarten_trabajo/java_original/Irrgarten/src/irrgarten/LabyrinthCharacter.java</file>
        </group>
    </open-files>
</project-private>
