<?xml version="1.0" encoding="UTF-8"?>
<project-private xmlns="http://www.netbeans.org/ns/project-private/1">
    <editor-bookmarks xmlns="http://www.netbeans.org/ns/editor-bookmarks/2" lastBookmarkId="1">
        <file>
            <url>src/irrgarten/controller/Controller.java</url>
            <bookmark id="1">
                <name/>
                <line>19</line>
                <key/>
            </bookmark>
        </file>
    </editor-bookmarks>
    <open-files xmlns="http://www.netbeans.org/ns/projectui-open-files/2">
        <group>
            <file>file:/C:/Users/Florin%20Emanuel%20Todor/Desktop/java_%20copia_/Irrgarten/src/irrgarten/Game.java</file>
        </group>
    </open-files>
</project-private>
