<?xml version="1.0" encoding="UTF-8"?>
<project-private xmlns="http://www.netbeans.org/ns/project-private/1">
    <editor-bookmarks xmlns="http://www.netbeans.org/ns/editor-bookmarks/2" lastBookmarkId="0"/>
    <open-files xmlns="http://www.netbeans.org/ns/projectui-open-files/2">
        <group>
            <file>file:/home/flo/Desktop/PDOO_PRACTICAS/Irrgarten_trabajo/java/Irrgarten/src/irrgarten/Labyrinth.java</file>
            <file>file:/home/flo/Desktop/PDOO_PRACTICAS/Irrgarten_trabajo/java/Irrgarten/src/irrgarten/Main/Main.java</file>
            <file>file:/home/flo/Desktop/PDOO_PRACTICAS/Irrgarten_trabajo/java/Irrgarten/src/irrgarten/Team.java</file>
            <file>file:/home/flo/Desktop/PDOO_PRACTICAS/Irrgarten_trabajo/java/Irrgarten/src/irrgarten/Player.java</file>
        </group>
    </open-files>
</project-private>
